t,step,cmd_shoulder_pan,cmd_shoulder_lift,cmd_elbow_flex,cmd_wrist_flex,cmd_wrist_roll,cmd_gripper,obs_shoulder_pan,obs_shoulder_lift,obs_elbow_flex,obs_wrist_flex,obs_wrist_roll,obs_gripper
0.0,真上へ,-0.0010715425715737434,-0.00384274250204392,0.0029306771600394713,0.004742654878322359,0.0015843130737289441,9.093211251503773,-0.0,0.0,0.087890625,0.0,0.0,9.090912879059756
0.025,真上へ,-0.00835669231600169,-0.029966697679020216,0.02285022111628908,0.036991538244528686,0.012355183881591056,9.108837905784315,-0.0,-0.0,0.087890625,0.087890625,0.0,9.090912879059756
0.05,真上へ,-0.027484456350860675,-0.09850192968859295,0.07503721842117916,0.12173587054365835,0.04063102872358794,9.149871965581696,-0.0,-0.087890625,0.087890625,0.17578125,0.087890625,9.170813446292428
0.075,真上へ,-0.06346186095903736,-0.22708301353934962,0.17256307193897485,0.28150332942641376,0.09379945519280236,9.227072689354577,-0.087890625,-0.263671875,0.17578125,0.3515625,0.087890625,9.2507140135251
0.1,真上へ,-0.12068967455194822,-0.430647705505545,0.32585112484047957,0.5367037577388633,0.17833025455259274,9.349926608383598,-0.17578125,-0.439453125,0.3515625,0.615234375,0.17578125,9.410515147990441
0.125,真上へ,-0.2029769125271405,-0.721211892729546,0.542208235060295,0.9059781195371841,0.2997852467544053,9.526694664815004,-0.263671875,-0.791015625,0.615234375,0.9667968749999999,0.3515625,9.570316282455785
0.15,真上へ,-0.31355450743877716,-1.1076448213771335,0.8253872318957787,1.406515338896558,0.4628267726100426,9.764459349704278,-0.3515625,-1.142578125,0.87890625,1.494140625,0.52734375,9.810017984153799
0.175,真上へ,-0.4550883954100238,-1.5954708555551804,1.1752434272564103,2.054296857062927,0.6712261624021492,10.06917184105977,-0.52734375,-1.669921875,1.23046875,2.28515625,0.703125,10.129620253084482
0.2,真上へ,-0.6296922668220724,-2.1867168229202667,1.5875341792357778,2.86423637012935,0.9278732632735556,10.445699141886328,-0.703125,-2.28515625,1.7578125,3.076171875,0.9667968749999999,10.529123089247838
0.225,真上へ,-0.8389403550336815,-2.87981742647898,2.05389443882482,3.850192453480672,1.2347880694032463,10.89787121822893,-0.87890625,-2.98828125,2.197265625,4.130859375,1.318359375,11.008526492643867
0.25,真上へ,-1.0838808615260733,-3.669586054177841,2.5620047177082013,5.024843947984745,1.5931356130249636,11.428528137216317,-1.142578125,-3.779296875,2.724609375,5.361328125,1.669921875,11.487929896039894
0.275,真上へ,-1.3650508890306168,-4.547255348094591,3.0959525342054595,6.39943125280154,2.003245454188159,12.039567205104616,-1.494140625,-4.658203125,3.33984375,6.767578125,2.021484375,12.286935568366607
0.3,真上へ,-1.6824940146574616,-5.500591545987606,3.636775383551024,7.983380177347099,2.4646372504481766,12.731990105320971,-1.7578125,-5.712890625,3.69140625,8.4375,2.548828125,12.846239538995304
0.325,真上へ,-2.0357818195162807,-6.514088676970653,4.163163182742726,9.783837946029704,2.9760538938876557,13.505950036507183,-2.109375,-6.6796875,4.39453125,10.283203125,3.076171875,13.725145778554687
0.35,真上へ,-2.424040745506013,-7.569252142469591,4.652290659444414,11.805162525900327,3.5355034918943082,14.360798850563336,-2.548828125,-7.734374999999999,4.74609375,12.392578125,3.6035156249999996,14.604052018114071
0.375,真上へ,-2.84598553804842,-8.644984229713561,5.080744377082896,14.048415701855728,4.140310996730715,15.295134190691417,-2.98828125,-8.876953125,5.185546875,14.677734375000002,4.306640625,15.562858824906128
0.4,真上へ,-3.2999602456958894,-9.718084442758894,5.42550399428965,16.51091598883914,4.787179562273541,16.306846629438965,-3.427734375,-9.931640625,5.44921875,17.138671875,4.833984375,16.601566198930854
0.425,真上へ,-3.7839873027309383,-10.763873116386973,5.664932388939315,19.185908002460607,5.472260781644793,17.39316680674269,-3.955078125,-10.986328125,5.712890625,19.86328125,5.712890625,17.64027357295558
0.45,真上へ,-4.29582466509374,-11.756936429139326,5.77972474502193,22.062398832680813,6.191231940698325,18.5507125679721,-4.482421875,-12.041015625,5.80078125,22.763671875,6.240234375,18.838782081445647
0.475,真上へ,-4.83303036858299,-12.671975072907324,5.753763836408403,25.12519850239309,6.939377445507537,19.775536101973138,-5.009765625,-12.919921875,5.712890625,25.83984375,7.207031249999999,20.19709172440106
0.5,真上へ,-5.393033303823466,-13.484719829956436,5.574829339535574,28.35518137262819,7.711670794313144,21.063171079111818,-5.537109375,-13.7109375,5.537109375,29.179687500000004,7.822265625000001,21.315699665658457
0.525,真上へ,-5.973208519500933,-14.172859202647789,5.235114736425765,31.72976083674238,8.502853000991658,22.408679789317848,-6.15234375,-14.326171874999998,5.09765625,32.51953125,8.701171875,22.75390987584654
0.55,真上へ,-6.570955015202985,-14.716911800709962,4.731516998046988,35.22354490815749,9.307503340965175,23.80670028012826,-6.767578125,-14.853515625,4.658203125,36.03515625,9.404296875,24.351921220499964
0.575,真上へ,-7.183773773805043,-15.100973418752119,4.065681087473019,38.80912010730105,10.120098739951388,25.25149349473103,-7.294921875000001,-15.205078125,3.8671874999999996,39.638671875,10.37109375,25.630330296222702
0.6,真上へ,-7.809343674838477,-15.313277427211963,3.2438012249306243,42.45789941003587,10.935059072754832,26.736990410008737,-7.998046875,-15.380859374999998,2.98828125,43.330078125,11.07421875,27.06854050641078
0.625,真上へ,-8.44559284792685,-15.346526067221717,2.2762006861363173,46.140968897236775,11.746777056579605,28.256839174582176,-8.61328125,-15.292968749999998,2.021484375,47.021484375,11.953125,28.74645241829688
0.65,真上へ,-9.090762861065956,-15.197975622908114,1.1767284907056899,49.82987644517436,12.549633259853266,29.80445224685397,-9.31640625,-15.1171875,0.9667968749999999,50.712890625,12.744140625,30.26456319571763
0.675,真上へ,-9.743462770638367,-14.869284986143107,-0.03797760920458526,53.49732131433078,13.337998940577577,31.373053533052243,-9.931640625,-14.765625,-0.263671875,54.404296875,13.53515625,31.782673973138387
0.7,真上へ,-10.402709380893485,-14.366159857672761,-1.3493077425237612,57.11772163890848,14.106231905270786,32.955725525274225,-10.634765625,-14.150390625,-1.669921875,58.00781249999999,14.326171874999998,33.300784750559146
0.725,真上へ,-11.067949015178321,-13.69784043117156,-2.7375230618232433,60.667653559824565,14.848673238641677,34.54545643952988,-11.25,-13.447265625,-2.98828125,61.52343749999999,15.1171875,34.97869666244524
0.75,真上へ,-11.739054740214195,-12.876487806157007,-4.18257737337098,64.12616823924864,15.559655415134085,36.13518735378553,-11.953125,-12.568359375,-4.482421875,64.951171875,15.644531250000002,36.57670800709866
0.775,真上へ,-12.4162915324385,-11.916524464451578,-5.664876182153303,67.47500001875085,16.2335346307391,37.71785934600751,-12.568359375,-11.6015625,-5.9765625,68.291015625,16.435546875,38.09481878451941
0.8,真上へ,-13.100240803562667,-10.833978966013989,-7.165939216696393,70.69868078868657,16.86476160415604,39.2864606322058,-13.271484375,-10.458984375,-7.470703125,71.455078125,16.962890625,39.69283012917283
0.825,真上へ,-13.791675782903447,-9.645876814781202,-8.668938820600136,73.78457350413291,17.44800469366164,40.83407370447758,-13.974609375,-9.228515625,-8.96484375,74.53125,17.578125,41.37074204105893
0.85,真上へ,-14.491381533974298,-8.369709908747675,-10.159092131987238,76.72283352462385,17.978335779666047,42.35392246905103,-14.677734375000002,-7.91015625,-10.458984375,77.431640625,18.017578125,42.80895225124702
0.875,真上へ,-15.199918997781634,-7.023006914657604,-11.623890713014994,79.50630202961229,18.451481740135844,43.83941938432872,-15.380859374999998,-6.50390625,-11.953125,80.15625,18.6328125,44.16726189420243
0.9,真上へ,-15.91734219374704,-5.623016270230537,-13.053158863943928,82.13033300310384,18.864131740168116,45.284212598931504,-16.171875,-5.09765625,-13.359375,82.79296875,18.896484375,45.685372671623185
0.925,真上へ,-16.64289131582066,-4.186501944324606,-14.438942850294614,84.59255563549102,19.214273516231213,46.6822330897419,-16.875,-3.69140625,-14.765625,85.25390625,19.248046875,47.12358288181127
0.95,真上へ,-17.374699854851517,-2.729639592079634,-15.775248287965496,86.89257814889953,19.501513113224235,48.02774179994794,-17.578125,-2.197265625,-16.083984375,87.36328125,19.51171875,48.401991957534
0.975,真上へ,-18.109566737105425,-1.2679884290820527,-17.057660602794197,89.03164649729747,19.72731750272859,49.315376777086605,-18.28125,-0.703125,-17.314453125,89.560546875,19.775390625,49.68040103325675
1.0,真上へ,-18.84284883726011,0.1834955642118996,-18.282900050165097,91.01228011526709,19.8951153295953,50.54020031108765,-19.072265625,0.703125,-18.45703125,91.7578125,19.951171875,50.87890954174682
1.025,真上へ,-19.568519589765994,1.6104435201561709,-19.448372906614203,92.83791369126095,20.01020405153642,51.697746072317045,-19.775390625,2.197265625,-19.6875,93.33984375,20.0390625,51.997517483004216
1.05,真上へ,-20.27941388283366,2.999089157021474,-20.55177943712423,94.51257558768094,20.079443695631998,52.784066249620786,-20.478515625,3.515625,-20.830078125,94.921875,20.126953125,53.116125424261604
1.075,真上へ,-20.968215280844866,3.55400496701144,-19.939764336833722,94.99995113723993,20.108948433032786,53.795778688368316,-21.181640625,3.6035156249999996,-19.599609375,95.009765625,20.126953125,53.99503166382099
1.1,真上へ,-21.625690078540682,3.7775843099844053,-18.704623260173868,95.00001205918362,20.10926063265802,54.73011402849642,-21.796875,3.955078125,-18.193359375,95.009765625,20.126953125,54.95383847061305
1.125,真上へ,-22.244172317612524,4.042109540775364,-17.63042153325043,95.00001206679886,20.08910415419357,55.58496284255259,-22.412109375,4.130859375,-17.314453125,95.009765625,20.126953125,55.75284414293975
1.15,真上へ,-22.817230117601376,4.330388560478903,-16.703358903182945,95.00001206679983,20.055421582692915,56.35892277373878,-22.939453125,4.482421875,-16.34765625,95.009765625,20.0390625,56.551849815266465
1.175,真上へ,-23.339581422248646,4.626330833587781,-15.90942761704265,95.00001206679983,20.014192593565888,57.05134567395517,-23.466796875,4.74609375,-15.644531250000002,95.009765625,20.0390625,57.19105435312783
1.2,真上へ,-23.8073315711933,4.9164686761771454,-15.235859236275141,95.00001206679983,19.970243691919848,57.66238474184344,-23.90625,5.009765625,-15.029296875,95.009765625,19.951171875,57.830258890989214
1.225,真上へ,-24.218085934796978,5.189924510263429,-14.670986911051425,95.00001206679983,19.92720455782422,58.19304166083084,-24.345703125,5.2734375,-14.501953124999998,95.009765625,19.951171875,58.229761727152564
1.25,真上へ,-24.570959071642537,5.438349183899933,-14.204101003472234,95.00001206679983,19.88758571315507,58.64521373717342,-24.697265625,5.537109375,-14.150390625,95.009765625,19.86328125,58.789065697781275
1.275,真上へ,-24.86651226648859,5.655832895066698,-13.825292224241151,95.00001206679983,19.85293524697109,59.021741038,-24.9609375,5.712890625,-13.7109375,95.009765625,19.86328125,59.028767399479285
1.3,真上へ,-25.10665434007661,5.8387892916574575,-13.52527651149181,95.00001206679983,19.82403032042588,59.32645352935547,-25.13671875,5.888671875,-13.447265625,95.009765625,19.775390625,59.34836966840997
1.325,真上へ,-25.29453590750467,5.9858139780359405,-13.29519810886469,95.00001206679983,19.801066389849662,59.56421821424477,-25.3125,6.064453125,-13.18359375,95.009765625,19.775390625,59.58807137010799
1.35,真上へ,-25.434458267673747,6.09751958997133,-13.126409883247511,95.00001206679983,19.783819132385418,59.740986270676125,-25.48828125,6.15234375,-13.095703125,95.009765625,19.775390625,59.747872504573316
1.375,真上へ,-25.531808118448836,6.176351131930276,-13.010232857623123,95.00001206679983,19.771766922664046,59.86384018970518,-25.576171875,6.240234375,-12.919921875,95.009765625,19.775390625,59.90767363903867
1.4,真上へ,-25.59302066100444,6.226387630997439,-12.93770027928771,95.00001206679983,19.764172613816545,59.94104091347801,-25.576171875,6.240234375,-12.919921875,95.009765625,19.775390625,59.98757420627133
1.425,真上へ,-25.62556767270131,6.253139523173763,-12.899295431198809,95.00001206679983,19.760130857435257,59.98207497327543,-25.6640625,6.328125,-12.83203125,95.009765625,19.775390625,59.98757420627133
1.45,真上へ,-25.637964217067765,6.263355673277695,-12.88469698251748,95.00001206679983,19.758590822240883,59.997701627555934,-25.6640625,6.328125,-12.83203125,95.009765625,19.775390625,59.98757420627133
1.475,真上へ,-25.639787621329784,6.264859575734337,-12.882551072310347,95.00001206679983,19.758364239066143,60.0,-25.6640625,6.328125,-12.83203125,95.009765625,19.775390625,59.98757420627133
1.5,降りる,-25.63978467468031,6.267519062271982,-12.884156812083683,95.00001206679983,19.758373508469667,60.0,-25.6640625,6.328125,-12.83203125,95.009765625,19.775390625,59.98757420627133
1.525,降りる,-25.639764920197035,6.285341903652375,-12.894922049962057,95.00001206679983,19.758435642162603,60.0,-25.6640625,6.328125,-12.919921875,95.009765625,19.775390625,59.98757420627133
1.55,降りる,-25.63971420150788,6.331414444929487,-12.922784049693984,95.00001206679983,19.75859584359727,60.0,-25.6640625,6.416015625,-12.919921875,95.009765625,19.775390625,59.98757420627133
1.575,降りる,-25.63962152910652,6.416801751723712,-12.97454852063944,95.00001206679983,19.75889115788394,60.0,-25.6640625,6.50390625,-12.919921875,95.009765625,19.775390625,59.98757420627133
1.6,降りる,-25.63947947904197,6.550844066371854,-13.05613947860128,95.00001206679983,19.759350634236508,60.0,-25.6640625,6.591796875,-13.0078125,95.009765625,19.775390625,59.98757420627133
1.625,降りる,-25.639284529506934,6.7414506255014945,-13.172846516828223,95.00001206679983,19.759995564914302,60.0,-25.6640625,6.85546875,-13.18359375,95.009765625,19.775390625,59.98757420627133
1.65,降りる,-25.63903724136229,6.995366971572384,-13.329545353400157,95.00001206679983,19.760839864291206,60.0,-25.6640625,7.119140625,-13.271484375,95.009765625,19.775390625,59.98757420627133
1.675,降りる,-25.63874221569922,7.318401290972833,-13.530877116609805,95.00001206679983,19.76189063876184,60.0,-25.6640625,7.3828125,-13.53515625,95.009765625,19.775390625,59.98757420627133
1.7,降りる,-25.638407794684976,7.7156016010840975,-13.781378280419782,95.00001206679983,19.76314896884107,60.0,-25.6640625,7.822265625000001,-13.798828125,95.009765625,19.775390625,59.98757420627133
1.725,降りる,-25.63804550192807,8.191379506359452,-14.085557181842326,95.00001206679983,19.764610893416865,60.0,-25.6640625,8.349609375,-14.0625,95.009765625,19.775390625,59.98757420627133
1.75,降りる,-25.637669245095775,8.749578464787122,-14.447915344857632,95.00001206679983,19.766268555411738,60.0,-25.6640625,8.96484375,-14.501953124999998,95.009765625,19.775390625,59.98757420627133
1.775,降りる,-25.637294326270506,9.39348571812325,-14.872913049132721,95.00001206679983,19.768111440615595,60.0,-25.6640625,9.580078125,-14.853515625,95.009765625,19.775390625,59.98757420627133
1.8,降りる,-25.636936324309264,10.12578782621631,-15.364879278060155,95.00001206679983,19.770127619404256,60.0,-25.6640625,10.37109375,-15.468749999999998,95.009765625,19.775390625,59.98757420627133
1.825,降りる,-25.636640359117006,10.843671929242312,-15.705527718264161,94.8578826476373,19.772085409870407,60.0,-25.6640625,11.162109375,-15.732421875,94.833984375,19.775390625,59.98757420627133
1.85,降りる,-25.636612272625133,10.669282138584713,-13.980549587922301,93.31455231875984,19.772242755988476,60.0,-25.6640625,10.546875,-13.7109375,93.251953125,19.775390625,59.98757420627133
1.875,降りる,-25.636612149435013,10.496858879438287,-12.163395399057467,91.66981316271608,19.77224249944791,60.0,-25.6640625,10.546875,-11.162109375,90.791015625,19.775390625,59.98757420627133
1.9,降りる,-25.636613318003413,10.380763817747527,-10.35824998132997,89.98043799500142,19.772235284835244,60.0,-25.6640625,10.37109375,-9.66796875,89.736328125,19.775390625,59.98757420627133
1.925,降りる,-25.63661462293905,10.327864049353767,-8.589423591538585,88.26416349073314,19.772227513069495,60.0,-25.6640625,10.37109375,-8.173828125,88.154296875,19.775390625,59.98757420627133
1.95,降りる,-25.63661597127173,10.340893467383653,-6.875709219198598,86.53707210330151,19.772219694139388,60.0,-25.6640625,10.37109375,-6.240234375,85.60546875,19.775390625,59.98757420627133
1.975,降りる,-25.636617321840376,10.420114014703447,-5.23314243389369,84.81494699163987,19.77221204024756,60.0,-25.6640625,10.458984375,-4.658203125,84.375,19.775390625,59.98757420627133
2.0,降りる,-25.636618645818967,10.56342722818552,-3.6750562531335684,83.11322552431734,19.77220468736853,60.0,-25.6640625,10.634765625,-3.1640625,82.880859375,19.775390625,59.98757420627133
2.025,降りる,-25.63661992298202,10.766500193195153,-2.2120954592256004,81.44688882534261,19.772197720020316,60.0,-25.6640625,10.8984375,-1.669921875,80.68359375,19.775390625,59.98757420627133
2.05,降りる,-25.63662113957278,11.02296060982895,-0.852278142851491,79.8303289795655,19.772191186161322,60.0,-25.6640625,11.162109375,-0.3515625,79.453125,19.775390625,59.98757420627133
2.075,降りる,-25.636622286748196,11.324661467124587,0.3988946105297578,78.27719459120301,19.77218510816585,60.0,-25.6640625,11.42578125,0.87890625,77.958984375,19.775390625,59.98757420627133
2.1,降りる,-25.636623359109404,11.66201135990812,1.5382818726250107,76.80021770334791,19.772179490988496,60.0,-25.6640625,11.77734375,1.9335937499999998,76.2890625,19.775390625,59.98757420627133
2.125,降りる,-25.636624379358356,12.02433178696433,2.5649525965503623,75.41100101864899,19.77217419282051,60.0,-25.6640625,12.12890625,2.900390625,75.05859375,19.775390625,59.98757420627133
2.15,降りる,-25.636625293996037,12.400420541787042,3.479729027559562,74.11993641934575,19.772169486944374,60.0,-25.6640625,12.568359375,3.779296875,73.828125,19.775390625,59.98757420627133
2.175,降りる,-25.636626133124672,12.778814127479237,4.285251906154785,72.93583826808475,19.772165195448963,60.0,-25.6640625,12.919921875,4.5703125,72.59765625,19.775390625,59.98757420627133
2.2,降りる,-25.63662690044912,13.148404290724239,4.985459173951367,71.86587526032065,19.77216128843006,60.0,-25.6640625,13.271484375,5.185546875,71.630859375,19.775390625,59.98757420627133
2.225,降りる,-25.6366276001413,13.498871883036962,5.585357162750499,70.91535868124231,19.772157736154927,60.0,-25.6640625,13.623046875,5.80078125,70.6640625,19.775390625,59.98757420627133
2.25,降りる,-25.63662823694864,13.821128197475696,6.090755137752994,70.08756649375013,19.772154508316916,60.0,-25.6640625,13.974609375,6.15234375,69.9609375,19.775390625,59.98757420627133
2.275,降りる,-25.636628810752196,14.107716797927518,6.5080328209410885,69.38357522020972,19.77215160166657,60.0,-25.6640625,14.23828125,6.591796875,69.2578125,19.775390625,59.98757420627133
2.3,降りる,-25.636629337547664,14.35312420649112,6.844022230880992,68.80206255763103,19.77214893147441,60.0,-25.6640625,14.414062499999998,6.943359375,68.73046875,19.775390625,59.98757420627133
2.325,降りる,-25.63662981696067,14.554079924270146,7.105868120306861,68.33915513616047,19.77214651359653,60.0,-25.6640625,14.677734375000002,7.207031249999999,68.203125,19.775390625,59.98757420627133
2.35,降りる,-25.636630241862946,14.709706157137084,7.301100927646597,67.98820013487155,19.772144345752608,60.0,-25.6640625,14.765625,7.3828125,67.939453125,19.775390625,59.98757420627133
2.375,降りる,-25.636630616725334,14.821618592684873,7.437756620068248,67.7395462921297,19.77214242896426,60.0,-25.6640625,14.853515625,7.470703125,67.67578125,19.775390625,59.98757420627133
2.4,降りる,-25.636630938013262,14.893937884482261,7.524614587750335,67.58029473815951,19.772140782742504,60.0,-25.6640625,14.94140625,7.55859375,67.587890625,19.775390625,59.98757420627133
2.425,降りる,-25.63663119929837,14.933231123744228,7.571528122406389,67.49402711414939,19.772139446188085,60.0,-25.6640625,14.94140625,7.55859375,67.5,19.775390625,59.98757420627133
2.45,降りる,-25.63663138828921,14.948406048057848,7.58981832264851,67.46051750796352,19.772138476900942,60.0,-25.6640625,14.94140625,7.646484374999999,67.412109375,19.775390625,59.98757420627133
2.475,降りる,-25.636631491136963,14.950593605404169,7.592685261679958,67.455438648046,19.772137949126396,60.0,-25.6640625,14.94140625,7.646484374999999,67.412109375,19.775390625,59.98757420627133
2.5,つかむ,-25.63663151023315,14.95057312942039,7.592720666369617,67.45541919979387,19.772137851213454,59.98341017961502,-25.6640625,14.94140625,7.646484374999999,67.412109375,19.775390625,59.98757420627133
2.525,つかむ,-25.636631510581484,14.950572844170374,7.592721147429107,67.45541894351975,19.772137849767606,59.87355995178223,-25.6640625,14.94140625,7.646484374999999,67.412109375,19.775390625,59.82777307180599
2.55,つかむ,-25.63663151054608,14.95057284035365,7.592721153518359,67.45541894039943,19.772137849787146,59.59390443563461,-25.6640625,14.94140625,7.646484374999999,67.412109375,19.775390625,59.508170802875306
2.575,つかむ,-25.636631510628035,14.950572840219563,7.592721154450791,67.45541893965978,19.772137849707967,59.08502197265625,-25.6640625,14.94140625,7.646484374999999,67.412109375,19.775390625,59.028767399479285
2.6,つかむ,-25.636631510542273,14.950572840327096,7.592721153529752,67.4554189404046,19.772137849790653,58.30339103937149,-25.6640625,14.94140625,7.646484374999999,67.412109375,19.775390625,58.06996059268722
2.625,つかむ,-25.63663151062839,14.95057284022162,7.592721154450334,67.45541893965908,19.772137849707665,57.22016716003418,-25.6640625,14.94140625,7.646484374999999,67.412109375,19.775390625,56.87145208419715
2.65,つかむ,-25.636631510542234,14.950572840326883,7.592721153529717,67.45541894040475,19.772137849790674,55.819959819316864,-25.6640625,14.94140625,7.646484374999999,67.412109375,19.775390625,55.51314244124175
2.675,つかむ,-25.636631510628412,14.950572840221724,7.592721154450419,67.45541893965893,19.772137849707637,54.099609375,-25.6640625,14.94140625,7.646484374999999,67.412109375,19.775390625,53.67542939489031
2.7,つかむ,-25.636631510542255,14.95057284032695,7.592721153529649,67.45541894040477,19.77213784979069,52.06696397066116,-25.6640625,14.94140625,7.646484374999999,67.412109375,19.775390625,51.59801464684085
2.725,つかむ,-25.636631510628394,14.9505728402216,7.592721154450467,67.455418939659,19.772137849707647,49.73965644836426,-25.6640625,14.94140625,7.646484374999999,67.412109375,19.775390625,49.200997629860716
2.75,つかむ,-25.636631510542255,14.950572840326922,7.592721153529745,67.45541894040471,19.772137849790678,47.143881261348724,-25.6640625,14.94140625,7.646484374999999,67.412109375,19.775390625,46.4843783439499
2.775,つかむ,-25.636631510628412,14.9505728402216,7.5927211544504445,67.45541893965901,19.772137849707637,44.31317138671875,-25.6640625,14.94140625,7.646484374999999,67.412109375,19.775390625,43.60795792357373
2.8,つかむ,-25.636631510542227,14.950572840326931,7.59272115352951,67.45541894040494,19.77213784979071,41.28717523813248,-25.6640625,14.94140625,7.646484374999999,67.412109375,19.775390625,40.57173636873222
2.825,つかむ,-25.636631510628415,14.950572840221588,7.592721154450659,67.4554189396588,19.772137849707633,38.11043357849121,-25.6640625,14.94140625,7.646484374999999,67.412109375,19.775390625,37.37571367942538
2.85,つかむ,-25.636631510542248,14.950572840326922,7.592721153529626,67.45541894040483,19.77213784979069,34.83115643262863,-25.6640625,14.94140625,7.646484374999999,67.412109375,19.775390625,34.09979042288585
2.875,つかむ,-25.636631510628398,14.950572840221659,7.592721154450342,67.45541893965904,19.772137849707647,31.5,-25.6640625,14.94140625,7.646484374999999,67.412109375,19.775390625,30.743966599113666
2.9,つかむ,-25.636631510542223,14.950572840326943,7.592721153529618,67.45541894040483,19.772137849790703,28.16884356737137,-25.6640625,14.94140625,7.646484374999999,67.412109375,19.775390625,27.388142775341468
2.925,つかむ,-25.6366315106284,14.95057284022156,7.592721154450656,67.45541893965883,19.77213784970765,24.88956642150879,-25.6640625,14.853515625,7.470703125,67.412109375,19.775390625,24.19212008603462
2.95,つかむ,-25.63663151054225,14.950572840326922,7.592721153529575,67.45541894040487,19.77213784979069,21.712824761867523,-25.6640625,14.853515625,7.470703125,67.32421875,19.775390625,21.635301934589137
2.975,つかむ,-25.636631510628394,14.950572840221623,7.5927211544504685,67.45541893965897,19.772137849707637,18.68682861328125,-25.6640625,14.853515625,7.470703125,67.412109375,19.775390625,20.9161968294951
3.0,つかむ,-25.63663151054224,14.950572840326833,7.592721153529763,67.45541894040475,19.772137849790685,15.856118738651276,-25.6640625,14.94140625,7.55859375,67.412109375,19.775390625,20.9161968294951
3.025,つかむ,-25.63663151062841,14.950572840221652,7.5927211544504285,67.45541893965897,19.772137849707654,13.260343551635742,-25.6640625,14.94140625,7.55859375,67.412109375,19.775390625,20.9161968294951
3.05,つかむ,-25.636631510542227,14.95057284032701,7.592721153529474,67.45541894040491,19.77213784979071,10.943755702491824,-25.6640625,14.94140625,7.55859375,67.412109375,19.775390625,20.83629626226243
3.075,つかむ,-25.636631510628405,14.950572840221614,7.592721154450535,67.4554189396589,19.772137849707633,10.865115803506075,-25.6640625,14.94140625,7.55859375,67.412109375,19.775390625,20.756395695029756
3.1,つかむ,-25.63663151054223,14.950572840326975,7.592721153529454,67.45541894040495,19.77213784979071,10.749727143229595,-25.6640625,14.94140625,7.55859375,67.412109375,19.775390625,20.596594560564412
3.125,つかむ,-25.63663151062842,14.950572840221588,7.592721154450614,67.45541893965883,19.772137849707622,10.636239369148917,-25.6640625,14.94140625,7.55859375,67.412109375,19.775390625,20.516693993331746
3.15,つかむ,-25.636631510542223,14.950572840326918,7.592721153529537,67.45541894040493,19.77213784979073,10.529034349945729,-25.6640625,14.94140625,7.55859375,67.412109375,19.775390625,20.43679342609907
3.175,つかむ,-25.636631510628412,14.950572840221515,7.59272115445074,67.45541893965877,19.772137849707622,10.40189694100453,-25.6640625,14.94140625,7.55859375,67.412109375,19.775390625,20.27699229163373
3.2,つかむ,-25.63663151054224,14.950572840326934,7.592721153529585,67.45541894040485,19.772137849790735,10.282469420523011,-25.6640625,14.94140625,7.55859375,67.412109375,19.775390625,20.19709172440106
3.225,つかむ,-25.63663151062842,14.950572840221598,7.592721154450632,67.45541893965881,19.772137849707637,10.17987581380839,-25.6640625,14.94140625,7.55859375,67.412109375,19.775390625,20.11719115716839
3.25,つかむ,-25.636631510542227,14.950572840326958,7.592721153529488,67.45541894040494,19.77213784979071,10.08372970143914,-25.6640625,14.94140625,7.55859375,67.412109375,19.775390625,19.957390022703045
3.275,つかむ,-25.63663151062841,14.950572840221566,7.592721154450592,67.45541893965887,19.772137849707626,9.99053346375911,-25.6640625,14.94140625,7.55859375,67.412109375,19.775390625,19.87748945547037
3.3,持ち上げる,-25.636631528280088,14.948255752668404,7.590078535177757,67.46037435342181,19.7721377584159,9.900887492118251,-25.6640625,14.94140625,7.55859375,67.412109375,19.775390625,19.797588888237705
3.325,持ち上げる,-25.636631629948678,14.932768028603514,7.572330120922554,67.49358577814567,19.77213723361927,9.812762325606847,-25.6640625,14.94140625,7.55859375,67.5,19.775390625,19.71768832100503
3.35,持ち上げる,-25.636631822889807,14.892985601240998,7.5262634394517,67.57938772163054,19.772136236873237,9.727855691276226,-25.6640625,14.853515625,7.470703125,67.587890625,19.775390625,19.63778775377236
3.375,持ち上げる,-25.63663209781849,14.82002066094411,7.440521788392179,67.73802662298716,19.772134813830835,9.640636480736163,-25.6640625,14.765625,7.3828125,67.763671875,19.775390625,19.557887186539688
3.4,持ち上げる,-25.636632448820798,14.707317462901235,7.305230498660739,67.9859341051621,19.772132992986553,9.568367892194534,-25.6640625,14.677734375000002,7.294921875000001,68.02734375,19.775390625,19.477986619307018
3.425,持ち上げる,-25.636632873115293,14.550758282869054,7.111602814079606,68.33601514339708,19.772130786133065,9.470466674079159,-25.6640625,14.501953124999998,7.119140625,68.37890625,19.775390625,19.398086052074344
3.45,持ち上げる,-25.636633370581755,14.348722775714004,6.851608137255219,68.79792057189647,19.7721281909108,9.381724242854602,-25.6640625,14.326171874999998,6.767578125,68.90625,19.775390625,19.318185484841674
3.475,持ち上げる,-25.636633943017557,14.102077692043325,6.517732135867186,69.37829739079463,19.772125194102752,9.312268898241687,-25.6640625,14.0625,6.416015625,69.43359375,19.775390625,19.238284917609004
3.5,持ち上げる,-25.636634593555804,13.81408486271852,6.10284264355589,70.0810150072444,19.77212177454643,9.23776765262393,-25.6640625,13.7109375,5.9765625,70.3125,19.775390625,19.158384350376334
3.525,持ち上げる,-25.636635325949666,13.490223753114355,5.600163025532266,70.90736942946265,19.772117906144196,9.148409654611793,-25.6640625,13.447265625,5.537109375,71.103515625,19.775390625,19.078483783143664
3.55,持ち上げる,-25.6366361441847,13.137931479461901,5.003345193951127,71.8562703262029,19.772113559915198,9.068265593036791,-25.6640625,13.095703125,4.833984375,72.0703125,19.775390625,18.998583215910987
3.575,持ち上げる,-25.63663705187141,12.766268533861842,4.3066273653207725,72.9244176192885,19.772108706155937,8.991343886153842,-25.6640625,12.65625,4.130859375,73.212890625,19.775390625,18.91868264867832
3.6,持ち上げる,-25.63663805211954,12.385522728718522,3.5050571496809075,74.10647450221809,19.77210331550211,8.913482817150232,-25.6640625,12.3046875,3.33984375,74.443359375,19.775390625,18.838782081445647
3.625,持ち上げる,-25.63663914714272,12.006767391758563,2.59475801932244,75.39524282408283,19.772097360217526,8.838327545029177,-25.6640625,11.865234375,2.373046875,75.76171875,19.775390625,18.758881514212977
3.65,持ち上げる,-25.63664033815802,11.64139226360199,1.5732170204361435,76.78184452480424,19.772090815034215,8.777478284851686,-25.6640625,11.6015625,1.318359375,77.16796875,19.775390625,18.678980946980303
3.675,持ち上げる,-25.636641625143223,11.300626996067525,0.43957290024637596,78.25591007160847,19.77208365840062,8.71420234944743,-25.6640625,11.25,0.17578125,78.662109375,19.775390625,18.678980946980303
3.7,持ち上げる,-25.636643006564675,10.995077197648872,-0.8051132780766795,79.8057718929978,19.77207587427882,8.651818935475454,-25.6640625,10.8984375,-1.142578125,80.244140625,19.775390625,18.599080379747633
3.725,持ち上げる,-25.636644478997912,10.734291687198429,-2.15761925246274,81.4186583895178,19.772067454943137,8.594827388318617,-25.6640625,10.72265625,-2.4609375,81.826171875,19.775390625,18.519179812514963
3.75,持ち上げる,-25.636646036504185,10.526377056459138,-3.6123646168408645,83.08088265201991,19.77205840540753,8.535636450497734,-25.6640625,10.458984375,-3.955078125,83.49609375,19.775390625,18.519179812514963
3.775,持ち上げる,-25.636647669673554,10.37767212430145,-5.161262335492117,84.77801985301812,19.772048750093898,8.484208130875246,-25.6640625,10.37109375,-5.537109375,85.341796875,19.775390625,18.439279245282293
3.8,持ち上げる,-25.63664936433825,10.292490906181497,-6.793622515482682,86.4950685074092,19.772038542113332,8.436365080803753,-25.6640625,10.283203125,-7.119140625,87.01171875,19.775390625,18.35937867804962
3.825,持ち上げる,-25.63665109980891,10.272939041497462,-8.496111184429717,88.21659342836958,19.77202787576925,8.389452489125691,-25.6640625,10.283203125,-8.876953125,88.681640625,19.775390625,18.35937867804962
3.85,持ち上げる,-25.63665284671774,10.318805749575153,-10.252767663778748,89.92685189528639,19.77201690218397,8.34838142977879,-25.6640625,10.37109375,-10.634765625,90.3515625,19.775390625,18.27947811081695
3.875,持ち上げる,-25.636654564555872,10.427531960672614,-12.045087294747761,91.6099091130913,19.772005847468023,8.310644284850007,-25.6640625,10.458984375,-12.48046875,92.021484375,19.775390625,18.27947811081695
3.9,持ち上げる,-25.636656199209717,10.594255479017939,-13.85218152269513,93.24975402378972,19.771995031604984,8.271227986831061,-25.6640625,10.634765625,-14.23828125,93.779296875,19.775390625,18.199577543584276
3.925,持ち上げる,-25.636657681011258,10.811935839895282,-15.651034235994793,94.83043153883546,19.771984884623514,8.235303077194086,-25.6640625,10.8984375,-15.99609375,95.361328125,19.775390625,18.199577543584276
3.95,持ち上げる,-25.63693341241766,10.127255741898598,-15.366313543005223,94.99999086923381,19.770137038659726,8.19994937865592,-25.6640625,9.84375,-15.205078125,94.921875,19.775390625,18.199577543584276
3.975,持ち上げる,-25.637291808168122,9.394636297634909,-14.874051065239613,95.00001206415013,19.76811917695851,8.168841379263586,-25.6640625,9.31640625,-14.677734375000002,95.009765625,19.775390625,18.119676976351602
4.0,持ち上げる,-25.637667539553867,8.750220840407279,-14.448550254022674,95.00001206679948,19.766273315861262,8.136105508759002,-25.6640625,8.61328125,-14.326171874999998,95.009765625,19.775390625,18.119676976351602
4.025,持ち上げる,-25.638044336542688,8.191725811796498,-14.085899219992442,95.00001206679983,19.764613815215593,8.10482965490542,-25.6640625,8.0859375,-14.0625,95.009765625,19.775390625,18.03977640911894
4.05,持ち上げる,-25.63840698976636,7.715782627084609,-13.781556936231448,95.00001206679983,19.763150775507697,8.07586595439382,-25.6640625,7.646484374999999,-13.7109375,95.009765625,19.775390625,18.03977640911894
4.075,持ち上げる,-25.638741654612712,7.318493619972149,-13.53096814918261,95.00001206679983,19.761891773256263,8.060599155832278,-25.6640625,7.294921875000001,-13.447265625,95.009765625,19.775390625,18.03977640911894
4.1,持ち上げる,-25.63903684888157,6.995413330991193,-13.329591003724213,95.00001206679983,19.760840589771618,8.029045839932152,-25.6640625,6.943359375,-13.271484375,95.009765625,19.775390625,17.959875841886262
4.125,持ち上げる,-25.639284257015223,6.741473784895812,-13.172869283288742,95.00001206679983,19.75999603448454,7.991753927197362,-25.6640625,6.6796875,-13.095703125,95.009765625,19.775390625,17.959875841886262
4.15,持ち上げる,-25.639479294581054,6.550855672399071,-13.056150863517692,95.00001206679983,19.75935093657375,7.9637244233664575,-25.6640625,6.50390625,-13.0078125,95.009765625,19.775390625,17.959875841886262
4.175,持ち上げる,-25.639621410735753,6.416807569629586,-12.974554214496484,95.00001206679983,19.758891345633995,7.940697074850178,-25.6640625,6.416015625,-12.919921875,95.009765625,19.775390625,17.879975274653596
4.2,持ち上げる,-25.639714132854067,6.331417275030104,-12.922786813752635,95.00001206679983,19.758595950389097,7.918317627296357,-25.6640625,6.328125,-12.919921875,95.009765625,19.775390625,17.879975274653596
4.225,持ち上げる,-25.639764887405562,6.285343124768414,-12.894923240950833,95.00001206679983,19.758435692664833,7.896620323320782,-25.6640625,6.328125,-12.83203125,95.009765625,19.775390625,17.879975274653596
4.25,持ち上げる,-25.63978466424281,6.267519435555718,-12.884157175950783,95.00001206679983,19.75837352448515,7.875619194025159,-25.6640625,6.328125,-12.83203125,95.009765625,19.775390625,17.879975274653596
4.275,持ち上げる,-25.63978762741043,6.264859620150399,-12.882551114242656,95.00001206679983,19.75836423148178,7.855097357430719,-25.6640625,6.328125,-12.83203125,95.009765625,19.775390625,17.800074707420922
4.3,トレイの上へ,-25.637251651665068,6.2616483317268035,-12.879069274576318,95.00001206679983,19.756948526001093,7.835696104918046,-25.6640625,6.328125,-12.83203125,95.009765625,19.775390625,17.800074707420922
4.325,トレイの上へ,-25.620004514080634,6.239816869502088,-12.855399751342619,95.00001206679983,19.7473281108154,7.817863513680191,-25.576171875,6.240234375,-12.83203125,95.009765625,19.775390625,17.800074707420922
4.35,トレイの上へ,-25.574673616006486,6.182504807727657,-12.793272961702229,95.00001206679983,19.722107118631484,7.801193803299682,-25.576171875,6.240234375,-12.744140625,95.009765625,19.6875,17.800074707420922
4.375,トレイの上へ,-25.489225298353517,6.074740192693019,-12.676496432604344,95.00001206679983,19.674819151944323,7.785304608857526,-25.48828125,6.064453125,-12.65625,95.009765625,19.6875,17.800074707420922
4.4,トレイの上へ,-25.352805069848014,5.903417133120992,-12.490956980574083,95.00001206679983,19.60000523663272,7.770122162761307,-25.3125,5.888671875,-12.48046875,95.009765625,19.599609375,17.72017414018825
4.425,トレイの上へ,-25.155562901504318,5.657285472578131,-12.224638236614712,95.00001206679983,19.493306676363982,7.749383338587265,-25.13671875,5.625,-12.12890625,95.009765625,19.51171875,17.72017414018825
4.45,トレイの上へ,-24.888475659274814,5.326953560493924,-11.867650258852306,95.00001206679983,19.35156089592979,7.735263984857994,-24.78515625,5.2734375,-11.77734375,95.009765625,19.3359375,17.72017414018825
4.475,トレイの上へ,-24.543175997031703,4.904907093650405,-11.412270535578891,95.00001206679983,19.172891088023114,7.720783774889622,-24.43359375,4.833984375,-11.25,95.009765625,19.16015625,17.72017414018825
4.5,トレイの上へ,-24.111794934092597,4.385547933019838,-10.85299714027187,95.00001206679983,18.956782543063987,7.706188530284969,-23.994140625,4.306640625,-10.72265625,95.009765625,18.896484375,17.72017414018825
4.525,トレイの上へ,-23.586823924563724,3.765256630832128,-10.186615095192066,95.00001206679983,18.704139912990993,7.687797775587761,-23.37890625,3.6035156249999996,-10.01953125,95.009765625,18.6328125,17.64027357295558
4.55,トレイの上へ,-22.961001469598163,3.0424811443387485,-9.412276187251692,95.00001206679983,18.417320360924407,7.668384851730398,-22.763671875,2.900390625,-9.140625,95.009765625,18.369140625,17.64027357295558
4.575,トレイの上へ,-22.22722917394634,2.21785189027441,-8.531590651633513,95.00001206679983,18.100137639212246,7.650732833252743,-21.97265625,2.021484375,-8.26171875,95.009765625,18.017578125,17.64027357295558
4.6,トレイの上へ,-21.378522519891554,1.294319921569252,-7.548726399936123,95.00001206679983,17.757831711010834,7.635078775018545,-21.09375,1.0546875,-7.207031249999999,95.009765625,17.666015625,17.64027357295558
4.625,トレイの上へ,-20.408002403063648,0.2773106069752105,-6.470507941362777,95.00001206679983,17.3969977152423,7.620034386906486,-20.126953125,0.087890625,-6.064453125,95.009765625,17.314453125,17.64027357295558
4.65,トレイの上へ,-19.308934470520256,-0.8251201481301682,-5.306502999353368,95.00001206679983,17.025467054655632,7.602474370215006,-18.984375,-1.0546875,-4.921875,95.009765625,16.962890625,17.56037300572291
4.675,トレイの上へ,-18.074824265949015,-2.0021461356294497,-4.069080347956573,95.00001206679983,16.652132423806066,7.585202540460642,-17.666015625,-2.28515625,-3.6035156249999996,95.009765625,16.611328125,17.56037300572291
4.7,トレイの上へ,-16.699576748195156,-3.2400727177360595,-2.77341806494831,95.00001206679983,16.286708062219834,7.5713524027021855,-16.34765625,-3.515625,-2.28515625,95.009765625,16.171875,17.56037300572291
4.725,トレイの上へ,-15.177728385731424,-4.522310925674351,-1.4374379763769278,95.00001206679983,15.939416936909915,7.557559199333568,-14.765625,-4.833984375,-0.9667968749999999,95.009765625,15.908203125,17.56037300572291
4.75,トレイの上へ,-13.504758052536749,-5.829457599477417,-0.0816405912936059,95.00001206679983,15.620598607635637,7.544536127845454,-13.0078125,-6.15234375,0.3515625,95.009765625,15.556640625000002,17.56037300572291
4.775,トレイの上へ,-11.677478535849184,-7.139514737766637,1.2711834851675337,95.00001206679983,15.340236018247492,7.53622173693266,-11.25,-7.470703125,1.7578125,95.009765625,15.292968749999998,17.56037300572291
4.8,トレイの上へ,-9.694502775610657,-8.428275065833038,2.596383712926363,95.00001206679983,15.107407209964807,7.528879700204335,-9.140625,-8.701171875,3.076171875,95.009765625,15.1171875,17.48047243849024
4.825,トレイの上へ,-7.556767399475785,-9.669888219418961,3.8680286508678736,95.00001206679983,14.929679544193405,7.51874709258615,-6.943359375,-9.931640625,4.306640625,95.009765625,14.853515625,17.48047243849024
4.85,トレイの上へ,-5.268080783439972,-10.837603375966232,5.059626176966748,95.00001206679983,14.8124793615252,7.5081240589686224,-4.658203125,-11.07421875,5.44921875,95.009765625,14.765625,17.48047243849024
4.875,トレイの上へ,-2.8356450758091096,-11.904662046732888,6.144959936523912,95.00001206679983,14.758487777014176,7.499333572948402,-2.197265625,-12.12890625,6.50390625,95.009765625,14.765625,17.48047243849024
4.9,トレイの上へ,-0.27048443086987595,-12.845293180927237,7.099000615074748,95.00001206679983,14.767130474745995,7.492367174211758,0.3515625,-13.0078125,7.3828125,95.009765625,14.765625,17.48047243849024
4.925,トレイの上へ,2.41229996921717,-13.635746462053863,7.898838460190521,95.00001206679983,14.83424100810049,7.484827910554429,3.076171875,-13.798828125,8.173828125,95.009765625,14.853515625,17.48047243849024
4.95,トレイの上へ,5.193527583860525,-14.255292377932406,8.524578150173365,95.00001206679983,14.951977151670006,7.475214482935783,5.888671875,-14.326171874999998,8.701171875,95.009765625,14.94140625,17.48047243849024
4.975,トレイの上へ,8.050251368421891,-14.687120443637387,8.960139323784334,95.00001206679983,15.109052838683473,7.466980001806721,8.7890625,-14.765625,9.052734375,95.009765625,15.1171875,17.48047243849024
5.0,トレイの上へ,10.956412195586163,-14.919077966031676,9.193914450748547,95.00001206679983,15.291312052447061,7.461151180383876,11.689453125,-14.94140625,9.228515625,95.009765625,15.292968749999998,17.48047243849024
5.025,トレイの上へ,13.88380980643801,-14.94420701848901,9.21924750206765,95.00001206679983,15.482619533056384,7.456980432351159,14.589843750000002,-14.94140625,9.228515625,95.009765625,15.468749999999998,17.48047243849024
5.05,トレイの上へ,16.80330900256292,-14.761052734145288,9.034709288030568,95.00001206679983,15.665986810936458,7.452008947237552,17.578125,-14.677734375000002,9.052734375,95.009765625,15.644531250000002,17.48047243849024
5.075,トレイの上へ,19.68615350324942,-14.373729144200732,8.64415666910439,95.00001206679983,15.824805733863695,7.450127581819476,20.390625,-14.23828125,8.525390625,95.009765625,15.8203125,17.48047243849024
5.1,トレイの上へ,22.50523748534206,-13.791739529181108,8.05657292396366,95.00001206679983,15.944039280218911,7.448526235816434,23.203125,-13.623046875,7.91015625,95.009765625,15.99609375,17.40057187125757
5.125,トレイの上へ,25.236193511798486,-13.029558470791823,7.285696344406622,95.00001206679983,16.01122827264623,7.433169665017218,25.927734375,-12.744140625,7.119140625,95.009765625,15.99609375,17.40057187125757
5.15,トレイの上へ,27.85819257353316,-12.105994776843945,6.349454843944851,95.00001206679983,16.0172098096815,7.424652703691098,28.564453125,-11.77734375,6.15234375,95.009765625,15.99609375,17.40057187125757
5.175,トレイの上へ,30.35440580487411,-11.043369227658333,5.269236498626913,95.00001206679983,15.95649721886828,7.42388620322923,31.025390625,-10.634765625,5.09765625,95.009765625,15.908203125,17.40057187125757
5.2,トレイの上へ,32.71213284786781,-9.866557342640878,4.069038545388464,95.00001206679983,15.827326790089591,7.423034154375252,33.310546875,-9.404296875,3.779296875,95.009765625,15.8203125,17.40057187125757
5.225,トレイの上へ,34.922645807520404,-8.601961554084081,2.7745480859571727,95.00001206679983,15.631420426479647,7.421949834206682,35.5078125,-8.173828125,2.548828125,95.009765625,15.644531250000002,17.40057187125757
5.25,トレイの上へ,36.98082331891497,-7.276484920749875,1.4122136107580523,95.00001206679983,15.373538760169877,7.420561275985424,37.529296875,-6.767578125,1.0546875,95.009765625,15.292968749999998,17.40057187125757
5.275,トレイの上へ,38.88465615212273,-5.916576587228899,0.008365181354292428,95.00001206679983,15.060906019297327,7.418809926198495,39.375,-5.44921875,-0.3515625,95.009765625,15.029296875,17.40057187125757
5.3,トレイの上へ,40.63469838175205,-4.5474070898621255,-1.4115677786369798,95.00001206679983,14.702580443782763,7.4169493246400435,41.220703125,-4.04296875,-1.7578125,95.009765625,14.589843750000002,17.40057187125757
5.325,トレイの上へ,42.23352260016158,-3.1922118520936285,-2.823706958808966,95.00001206679983,14.308828513707036,7.415805407578212,42.71484375,-2.724609375,-3.1640625,95.009765625,14.23828125,17.40057187125757
5.35,トレイの上へ,43.685219578884244,-1.8718183138490463,-4.206227345356328,95.00001206679983,13.890543276640656,7.415063426612715,44.033203125,-1.40625,-4.482421875,95.009765625,13.798828125,17.40057187125757
5.375,トレイの上へ,44.994966089109866,-0.6043508591339675,-5.539711352944546,95.00001206679983,13.45873049627855,7.405839407005004,45.3515625,-0.17578125,-5.888671875,95.009765625,13.359375,17.40057187125757
5.4,トレイの上へ,46.168671301088295,0.5949084719000157,-6.807368468881832,95.00001206679983,13.024073164492677,7.387516304356961,46.494140625,1.0546875,-7.119140625,95.009765625,12.919921875,17.40057187125757
5.425,トレイの上へ,47.21270283659483,1.7135350657922304,-7.995142501950931,95.00001206679983,12.59657563202765,7.368785604817148,47.4609375,2.109375,-8.173828125,95.009765625,12.568359375,17.320671304024895
5.45,トレイの上へ,48.13368778597644,2.741887447654089,-9.091732282951332,95.00001206679983,12.185282849403633,7.357778198941844,48.33984375,3.1640625,-9.31640625,95.009765625,12.12890625,17.320671304024895
5.475,トレイの上へ,48.93838105227819,3.6729768386866235,-10.088551560039706,95.00001206679983,11.798067211916962,7.357311071269333,49.130859375,4.04296875,-10.283203125,95.009765625,11.77734375,17.320671304024895
5.5,トレイの上へ,49.63359240474149,4.502309105224604,-10.979651138343968,95.00001206679983,11.441474448629036,7.357270430716991,49.833984375,4.833984375,-11.162109375,95.009765625,11.42578125,17.320671304024895
5.525,トレイの上へ,50.226163866909445,5.227721567965823,-11.761622237397805,95.00001206679983,11.120620162438954,7.35689014683107,50.44921875,5.44921875,-11.865234375,95.009765625,11.07421875,17.320671304024895
5.55,トレイの上へ,50.72298994669448,5.8492308624928535,-12.433495512230085,95.00001206679983,10.839129450469681,7.356361434737227,50.80078125,6.064453125,-12.568359375,95.009765625,10.810546875,17.320671304024895
5.575,トレイの上へ,51.131074313238685,6.368902294571435,-12.996645814133524,95.00001206679983,10.599113096889127,7.356476894931614,51.240234375,6.416015625,-13.095703125,95.009765625,10.546875,17.320671304024895
5.6,トレイの上へ,51.45761754454746,6.7907462653907205,-13.454708900679151,95.00001206679983,10.401174842259726,7.355729980391931,51.50390625,6.943359375,-13.53515625,95.009765625,10.37109375,17.320671304024895
5.625,トレイの上へ,51.7101313106297,7.120643458753049,-13.8135131151107,95.00001206679983,10.24444499061395,7.354111664905002,51.767578125,7.207031249999999,-13.798828125,95.009765625,10.1953125,17.320671304024895
5.65,トレイの上へ,51.8965746806358,7.366297571571952,-14.081026630648713,95.00001206679983,10.126635971767843,7.34438156039047,51.943359375,7.470703125,-14.150390625,95.009765625,10.107421875,17.320671304024895
5.675,トレイの上へ,52.025508049237274,7.5372123888911995,-14.267319258064758,95.00001206679983,10.044115323236634,7.342730575543509,52.03125,7.646484374999999,-14.23828125,95.009765625,10.01953125,17.320671304024895
5.7,トレイの上へ,52.106259393108594,7.644688932006724,-14.384537112252993,95.00001206679983,9.991990811221857,7.34159411798154,52.119140625,7.734374999999999,-14.414062499999998,95.009765625,10.01953125,17.320671304024895
5.725,トレイの上へ,52.14909614190331,7.701838249660857,-14.446888697427443,95.00001206679983,9.964201016096103,7.340662083405107,52.119140625,7.734374999999999,-14.414062499999998,95.009765625,9.931640625,17.320671304024895
5.75,トレイの上へ,52.165393857733484,7.723606189766881,-14.470642250940237,95.00001206679983,9.9536026389458,7.339875677828907,52.20703125,7.734374999999999,-14.414062499999998,95.009765625,9.931640625,17.320671304024895
5.775,トレイの上へ,52.16779018337224,7.7268081446755685,-14.474136458265997,95.00001206679983,9.952043061662431,7.339101259811649,52.20703125,7.734374999999999,-14.414062499999998,95.009765625,9.931640625,17.320671304024895
5.8,下ろす,52.16779257306382,7.731013196040812,-14.476728023148583,95.00001206679983,9.952049413534526,7.338333461158122,52.20703125,7.734374999999999,-14.414062499999998,95.009765625,9.931640625,17.320671304024895
5.825,下ろす,52.167808116896445,7.758342806007279,-14.493580304892868,95.00001206679983,9.952090732502466,7.337572935251323,52.20703125,7.822265625000001,-14.501953124999998,95.009765625,9.931640625,17.320671304024895
5.85,下ろす,52.167846607848766,7.826479988025963,-14.535664805905775,95.00001206679983,9.952193424534947,7.336815334489678,52.20703125,7.91015625,-14.501953124999998,95.009765625,9.931640625,17.320671304024895
5.875,下ろす,52.16791427437626,7.947897281883254,-14.610899893724543,95.00001206679983,9.952375280902519,7.336058302092599,52.20703125,7.998046875,-14.589843750000002,95.009765625,9.931640625,17.320671304024895
5.9,下ろす,52.168013918496484,8.130613442746942,-14.724696992624333,95.00001206679983,9.952646261237955,7.335289610068703,52.20703125,8.173828125,-14.677734375000002,95.009765625,9.931640625,17.320671304024895
5.925,下ろす,52.16814520498821,8.378828421942972,-14.88038269933245,95.00001206679983,9.95300937049051,7.334493450297593,52.20703125,8.4375,-14.853515625,95.009765625,9.931640625,17.320671304024895
5.95,下ろす,52.16830512141685,8.693405207133305,-15.079464780724829,95.00001206679983,9.95346162434127,7.333573405502044,52.20703125,8.7890625,-15.1171875,95.009765625,9.931640625,17.320671304024895
5.975,下ろす,52.16848858525129,9.072204430015658,-15.321748042483955,95.00001206679983,9.953995075719474,7.332624347357832,52.20703125,9.140625,-15.292968749999998,95.009765625,9.931640625,17.320671304024895
6.0,下ろす,52.168689139884194,9.510301694838054,-15.605330452929596,95.00001206679983,9.954597851015652,7.331558770991631,52.20703125,9.66796875,-15.644531250000002,95.009765625,9.931640625,17.320671304024895
6.025,下ろす,52.168899664475205,10.000133237215813,-15.926525706702213,95.00001206679983,9.955255137117659,7.33037421394819,52.20703125,10.107421875,-15.99609375,95.009765625,9.931640625,17.320671304024895
6.05,下ろす,52.16911302229592,10.531625694134458,-16.279768659783777,95.00001206679983,9.955950070690156,7.3255046730865345,52.20703125,10.72265625,-16.34765625,95.009765625,9.931640625,17.320671304024895
6.075,下ろす,52.169322586178524,11.092371391397046,-16.657565828061884,95.00001206679983,9.95666450607041,7.300170178310946,52.20703125,11.25,-16.69921875,95.009765625,9.931640625,17.24077073679222
6.1,下ろす,52.169522603754984,11.667911034231363,-17.050553901698464,95.00001206679983,9.957379671121203,7.2740612081305684,52.20703125,11.865234375,-17.138671875,95.009765625,9.931640625,17.24077073679222
6.125,下ろす,52.16970839422233,12.242179550265432,-17.44772350623832,95.00001206679983,9.958076752588735,7.257916678551563,52.20703125,12.392578125,-17.490234375,95.009765625,9.931640625,17.24077073679222
6.15,下ろす,52.16987639657335,12.798156589679206,-17.836851598995253,95.00001206679983,9.95873747493566,7.249163426221926,52.20703125,13.0078125,-17.9296875,95.009765625,9.931640625,17.24077073679222
6.175,下ろす,52.1699198636993,12.832432126947353,-17.16673780669926,94.33425282870553,9.95890834165067,7.243254612749208,52.20703125,12.83203125,-16.875,94.130859375,9.931640625,17.24077073679222
6.2,下ろす,52.169922158211946,12.728862646747315,-16.28647384704083,93.55836927864081,9.958916327774999,7.247672909507855,52.20703125,12.744140625,-15.99609375,93.427734375,9.931640625,17.24077073679222
6.225,下ろす,52.16992066454317,12.644532273391656,-15.545195470013635,92.90088682622377,9.958911046904785,7.27394461206881,52.20703125,12.65625,-15.380859374999998,92.8125,9.931640625,17.320671304024895
6.25,下ろす,52.169919061242915,12.58353233173803,-14.961104746482297,92.37722631894154,9.958905413256879,7.286357159431812,52.20703125,12.65625,-14.765625,92.28515625,9.931640625,17.320671304024895
6.275,下ろす,52.16991756133114,12.541653526597562,-14.531285235196682,91.9887547020613,9.958900162511087,7.289296298511687,52.20703125,12.568359375,-14.414062499999998,91.93359375,9.931640625,17.320671304024895
6.3,下ろす,52.16991620456339,12.514790744465401,-14.24490232235918,91.72875487661761,9.95889542093206,7.288338833367153,52.20703125,12.568359375,-14.150390625,91.669921875,9.931640625,17.320671304024895
6.325,下ろす,52.16991504145164,12.499430490352584,-14.082840320031394,91.58164180966791,9.958891359746335,7.280925336914649,52.20703125,12.568359375,-14.0625,91.58203125,9.931640625,17.320671304024895
6.35,下ろす,52.16991414973159,12.492425037393044,-14.01621281235459,91.52170423015487,9.958888247482633,7.283080292292315,52.20703125,12.568359375,-13.974609375,91.494140625,9.931640625,17.320671304024895
6.375,下ろす,52.16991363534508,12.490485921215285,-14.004473695931496,91.51172165138618,9.958886449459719,7.285415973526515,52.20703125,12.48046875,-13.974609375,91.494140625,9.931640625,17.320671304024895
6.4,はなす,52.16991352806944,12.490239779373132,-14.00405115175343,91.51150725497477,9.958886074937787,7.287532449894229,52.20703125,12.48046875,-13.974609375,91.494140625,9.931640625,17.320671304024895
6.425,はなす,52.16991352397342,12.490230505242483,-14.004035250115487,91.51149919852169,9.95888606074171,7.289420957555436,52.20703125,12.48046875,-13.974609375,91.494140625,9.931640625,17.320671304024895
6.45,はなす,52.1699135238089,12.4902301560967,-14.004034651308267,91.5114988951116,9.958886060197498,7.291101397480084,52.20703125,12.48046875,-13.974609375,91.494140625,9.931640625,17.320671304024895
6.475,はなす,52.16991352381292,12.490230143177481,-14.00403462930021,91.51149888399081,9.95888606018711,7.292594228101741,52.20703125,12.48046875,-13.974609375,91.494140625,9.931640625,17.320671304024895
6.5,はなす,52.169913523814685,12.490230142504164,-14.004034628182584,91.51149888342725,9.958886060187691,7.29391833939815,52.20703125,12.48046875,-13.974609375,91.494140625,9.931640625,17.320671304024895
6.525,はなす,52.16991352378648,12.490230142022403,-14.00403462693824,91.51149888271472,9.958886060160175,8.900390625,52.20703125,12.48046875,-13.974609375,91.494140625,9.931640625,17.320671304024895
6.55,はなす,52.169913523793554,12.490230142107585,-14.004034627188764,91.51149888286271,9.958886060167096,11.677194100839122,52.20703125,12.48046875,-13.974609375,91.494140625,9.931640625,17.320671304024895
6.575,はなす,52.16991352379199,12.490230142097348,-14.004034627148265,91.5114988828377,9.958886060165574,14.96296296296296,52.20703125,12.48046875,-13.974609375,91.494140625,9.931640625,17.320671304024895
6.6,はなす,52.16991352379229,12.49023014209675,-14.00403462715157,91.51149888284019,9.958886060165847,18.68682861328125,52.20703125,12.48046875,-13.974609375,91.494140625,9.931640625,18.998583215910987
6.625,はなす,52.16991352379227,12.490230142097849,-14.004034627152917,91.51149888284077,9.958886060165835,22.757306134259267,52.20703125,12.48046875,-13.974609375,91.494140625,9.931640625,21.795103069054484
6.65,はなす,52.16991352379225,12.490230142097273,-14.004034627151807,91.51149888284017,9.958886060165822,27.06744836877893,52.20703125,12.48046875,-13.974609375,91.494140625,9.931640625,26.02983313238606
6.675,はなす,52.16991352379229,12.4902301420974,-14.004034627152066,91.51149888284031,9.958886060165845,31.5,52.20703125,12.48046875,-13.974609375,91.494140625,9.931640625,30.98366830081168
6.7,はなす,52.16991352379225,12.490230142097394,-14.00403462715212,91.51149888284037,9.958886060165824,35.93255163122106,52.20703125,12.48046875,-13.974609375,91.494140625,9.931640625,36.41690687263331
6.725,はなす,52.16991352379223,12.490230142097317,-14.004034627151855,91.5114988828402,9.958886060165815,40.24269386574075,52.20703125,12.48046875,-13.974609375,91.494140625,9.931640625,41.4506426082916
6.75,はなす,52.16991352379225,12.490230142097316,-14.004034627151986,91.5114988828403,9.958886060165849,44.31317138671875,52.20703125,12.48046875,-13.974609375,91.494140625,9.931640625,45.44567096992517
6.775,はなす,52.16991352379225,12.49023014209744,-14.004034627152123,91.51149888284033,9.958886060165831,48.037037037037024,52.20703125,12.48046875,-13.974609375,91.494140625,9.931640625,48.72159422646469
6.8,はなす,52.169913523792275,12.490230142097372,-14.004034627152073,91.51149888284034,9.958886060165836,51.32280589916089,52.20703125,12.48046875,-13.974609375,91.494140625,9.931640625,52.15731861746955
6.825,はなす,52.16991352379227,12.490230142097449,-14.004034627152224,91.51149888284041,9.958886060165835,54.099609375,52.20703125,12.48046875,-13.974609375,91.494140625,9.931640625,55.03373903784572
6.85,はなす,52.16991352379226,12.490230142097328,-14.004034627151926,91.51149888284023,9.958886060165819,56.32234926576967,52.20703125,12.48046875,-13.974609375,91.494140625,9.931640625,57.031253218662506
6.875,はなす,52.16991352379226,12.49023014209744,-14.004034627152205,91.51149888284041,9.958886060165836,57.976851851851876,52.20703125,12.48046875,-13.974609375,91.494140625,9.931640625,58.389562861617904
6.9,はなす,52.16991352379226,12.490230142097376,-14.004034627152038,91.5114988828403,9.958886060165819,59.08502197265625,52.20703125,12.48046875,-13.974609375,91.494140625,9.931640625,59.34836966840997
6.925,はなす,52.16991352379226,12.490230142097428,-14.004034627152153,91.51149888284039,9.958886060165815,59.709997106481445,52.20703125,12.48046875,-13.974609375,91.494140625,9.931640625,59.747872504573316
6.95,はなす,52.16991352379227,12.490230142097438,-14.00403462715217,91.51149888284039,9.958886060165836,59.961301450376176,52.20703125,12.48046875,-13.974609375,91.494140625,9.931640625,59.98757420627133
6.975,はなす,52.16991352379227,12.490230142097266,-14.004034627151759,91.51149888284016,9.958886060165847,60.0,52.20703125,12.48046875,-13.974609375,91.494140625,9.931640625,59.98757420627133
7.0,戻る,52.16851977744272,12.4871082656087,-14.0012720458198,91.51186807755603,9.959523979865558,60.0,52.20703125,12.48046875,-13.974609375,91.494140625,9.931640625,59.98757420627133
7.025,戻る,52.15904163981975,12.465826271630391,-13.982394764384937,91.51433069593526,9.963859084493654,60.0,52.119140625,12.48046875,-13.974609375,91.494140625,9.931640625,59.98757420627133
7.05,戻る,52.13413620492883,12.409723313035009,-13.93246707682049,91.5206182167025,9.9752255600068,60.0,52.119140625,12.392578125,-13.88671875,91.494140625,10.01953125,59.98757420627133
7.075,戻る,52.08721419258061,12.304001381172464,-13.838305441495157,91.53233894116491,9.996544466308736,60.0,52.03125,12.3046875,-13.798828125,91.494140625,10.01953125,59.98757420627133
7.1,戻る,52.012368526195125,12.13583276712802,-13.688756521861654,91.5511591783678,10.03029406783843,60.0,52.03125,12.12890625,-13.623046875,91.58203125,10.01953125,59.98757420627133
7.125,戻る,51.90429689011473,11.89441117105206,-13.474881693640356,91.57893693425466,10.078474035365524,60.0,51.85546875,11.865234375,-13.447265625,91.58203125,10.107421875,59.98757420627133
7.15,戻る,51.75822313786668,11.570998639289488,-13.19013013998592,91.61784856649832,10.142568625710133,60.0,51.6796875,11.513671875,-13.095703125,91.669921875,10.1953125,59.98757420627133
7.175,戻る,51.56982108460855,11.158955836647534,-12.83047236630793,91.6704922527499,10.223511946995545,60.0,51.50390625,11.07421875,-12.744140625,91.669921875,10.283203125,59.98757420627133
7.2,戻る,51.33514348573088,10.653748933443703,-12.394477534151859,91.73995941929218,10.321658796530267,60.0,51.240234375,10.546875,-12.3046875,91.7578125,10.37109375,59.98757420627133
7.225,戻る,51.05055801422722,10.052925548495471,-11.883317142437889,91.82986310224398,10.436762217114232,60.0,50.9765625,9.931640625,-11.77734375,91.845703125,10.458984375,59.98757420627133
7.25,戻る,50.7126917309947,9.356058913016524,-11.300691078440723,91.94432056444342,10.567959653414867,60.0,50.625,9.228515625,-11.162109375,91.93359375,10.634765625,59.98757420627133
7.275,戻る,50.318385052695916,8.564661922664506,-10.652677716353873,92.08788988076886,10.713768590475878,60.0,50.185546875,8.349609375,-10.458984375,92.109375,10.72265625,59.98757420627133
7.3,戻る,49.86465604379392,7.682075850742291,-9.94751667448775,92.26546429296891,10.872092514817282,60.0,49.74609375,7.470703125,-9.755859375,92.28515625,10.8984375,59.98757420627133
7.325,戻る,49.34867574032293,6.713340308107885,-9.195337524228389,92.48213101862666,11.040237906477373,60.0,49.21875,6.50390625,-8.96484375,92.548828125,11.07421875,59.98757420627133
7.35,戻る,48.76775518619591,5.665051474294735,-8.407849986217974,92.74300304853834,11.214942942459954,60.0,48.603515625,5.44921875,-8.173828125,92.8125,11.25,59.98757420627133
7.375,戻る,48.11934488499264,4.545214818527691,-7.598011210310512,93.0530333652769,11.39241861460981,60.0,47.900390625,4.306640625,-7.3828125,93.1640625,11.42578125,59.98757420627133
7.4,戻る,47.40104740888947,3.36309669653604,-6.779683977795631,93.4168211081995,11.568403003289042,60.0,47.197265625,3.076171875,-6.50390625,93.515625,11.6015625,59.98757420627133
7.425,戻る,46.6106439249941,2.129076834515373,-5.967296931578808,93.83841884896628,11.738229467465175,60.0,46.40625,1.845703125,-5.712890625,93.8671875,11.77734375,59.98757420627133
7.45,戻る,45.746135357567084,0.8545011743961628,-5.175514808338833,94.32114953554954,11.896909469725145,60.0,45.439453125,0.52734375,-4.921875,94.482421875,11.953125,59.98757420627133
7.475,戻る,44.80579875698915,-0.44846767467555537,-4.418923827772425,94.86744105410988,12.039230607066955,60.0,44.47265625,-0.791015625,-4.21875,95.009765625,12.041015625,59.98757420627133
7.5,戻る,43.788192606171336,-2.0360186580540924,-3.0517120059721696,94.99999549542324,12.15961370640746,60.0,43.505859375,-2.373046875,-2.724609375,95.009765625,12.216796875,59.98757420627133
7.525,戻る,42.69241678428489,-3.712461998099616,-1.4987473878876905,95.0000120647284,12.252957957557223,60.0,42.36328125,-4.130859375,-0.791015625,95.009765625,12.3046875,59.98757420627133
7.55,戻る,41.51808442042173,-5.386240445941407,0.040906898088419075,95.00001206679957,12.314203417387361,60.0,41.220703125,-5.712890625,0.52734375,95.009765625,12.3046875,59.98757420627133
7.575,戻る,40.265442452242695,-7.039230227269254,1.550193082206937,95.00001206679983,12.338539702822612,60.0,39.90234375,-7.3828125,1.9335937499999998,95.009765625,12.3046875,59.98757420627133
7.6,戻る,38.93550907080658,-8.654335777052385,3.0132994736463576,95.00001206679983,12.321632096737874,60.0,38.408203125,-9.052734375,3.6035156249999996,95.009765625,12.3046875,59.98757420627133
7.625,戻る,37.53020164472468,-10.215612824661426,4.415714659321779,95.00001206679983,12.259790666873736,60.0,37.08984375,-10.546875,4.921875,95.009765625,12.216796875,59.98757420627133
7.65,戻る,36.05246063092191,-11.708737980301686,5.744617695812217,95.00001206679983,12.150134675791389,60.0,35.68359375,-12.041015625,6.15234375,95.009765625,12.12890625,59.98757420627133
7.675,戻る,34.50636220440654,-13.121388294642486,6.9891811078148995,95.00001206679983,11.99074628959354,60.0,34.1015625,-13.447265625,7.3828125,95.009765625,11.953125,59.98757420627133
7.7,戻る,32.89720963432987,-14.443507009837502,8.140770927897137,95.00001206679983,11.780803738580651,60.0,32.431640625,-14.765625,8.525390625,95.009765625,11.77734375,59.98757420627133
7.725,戻る,31.231592591759007,-15.667446308140116,9.19304037530507,95.00001206679983,11.520683126865714,60.0,30.761718749999996,-15.99609375,9.4921875,95.009765625,11.513671875,59.98757420627133
7.75,戻る,29.51740372153678,-16.787991709391154,10.141924699305582,95.00001206679983,11.212018120074953,60.0,29.091796875,-16.962890625,10.458984375,95.009765625,11.162109375,59.98757420627133
7.775,戻る,27.76380323346646,-17.802283800985723,10.985552768283762,95.00001206679983,10.857708068356178,60.0,27.24609375,-18.017578125,11.25,95.009765625,10.810546875,59.98757420627133
7.8,戻る,25.981125116983165,-18.709659566189455,11.724095104925736,95.00001206679983,10.461867913856263,60.0,25.48828125,-18.896484375,11.953125,95.009765625,10.37109375,59.98757420627133
7.825,戻る,24.18072277836723,-19.511437470574194,12.359568352593662,95.00001206679983,10.029717415517613,60.0,23.642578125,-19.6875,12.568359375,95.009765625,9.931640625,59.98757420627133
7.85,戻る,22.3747570785675,-20.210668588088996,12.89561360216437,95.00001206679983,9.567412435548631,60.0,21.884765625,-20.302734375,13.0078125,95.009765625,9.4921875,59.98757420627133
7.875,戻る,20.575935280364416,-20.81187191423742,13.33726199920484,95.00001206679983,9.081826628756296,60.0,20.126953125,-20.91796875,13.447265625,95.009765625,8.96484375,59.98757420627133
7.9,戻る,18.797214482220987,-21.320767161352173,13.690696885719056,95.00001206679983,8.580297029740604,60.0,18.193359375,-21.357421875,13.798828125,95.009765625,8.525390625,59.98757420627133
7.925,戻る,17.05148688632381,-21.74401391710311,13.963018305641288,95.00001206679983,8.070350891322173,60.0,16.5234375,-21.884765625,14.0625,95.009765625,7.998046875,59.98757420627133
7.95,戻る,15.351266051040936,-22.088962692838894,14.16201341840378,95.00001206679983,7.559433007098136,60.0,14.94140625,-22.1484375,14.23828125,95.009765625,7.470703125,59.98757420627133
7.975,戻る,13.708392777958773,-22.36342122329119,14.295935194430404,95.00001206679983,7.054652305585588,60.0,13.271484375,-22.412109375,14.326171874999998,95.009765625,6.943359375,59.98757420627133
8.0,戻る,12.133776566470136,-22.57543820238697,14.373291418679743,95.00001206679983,6.562563813042641,60.0,11.689453125,-22.587890625,14.414062499999998,95.009765625,6.50390625,59.98757420627133
8.025,戻る,10.637184119707532,-22.733106102963283,14.402646117821082,95.00001206679983,6.088997631765711,60.0,10.1953125,-22.763671875,14.414062499999998,95.009765625,5.9765625,59.98757420627133
8.05,戻る,9.227080965516285,-22.84438448556094,14.392435707885543,95.00001206679983,5.638941136275863,60.0,8.7890625,-22.8515625,14.414062499999998,95.009765625,5.537109375,59.98757420627133
8.075,戻る,7.9105267187516075,-22.916945000236684,14.350802201888305,95.00001206679983,5.216475012981429,60.0,7.470703125,-22.939453125,14.326171874999998,95.009765625,5.185546875,59.98757420627133
8.1,戻る,6.693119617977034,-22.95803899436515,14.285445623286064,95.00001206679983,4.824758830367515,60.0,6.328125,-22.939453125,14.326171874999998,95.009765625,4.74609375,59.98757420627133
8.125,戻る,5.57898225601593,-22.974388234278095,14.203497352993654,95.00001206679983,4.466058070230329,60.0,5.2734375,-22.939453125,14.23828125,95.009765625,4.39453125,59.98757420627133
8.15,戻る,4.570778142470457,-22.972098773632535,14.111415573109744,95.00001206679983,4.141802234644564,60.0,4.306640625,-22.939453125,14.150390625,95.009765625,4.04296875,59.98757420627133
8.175,戻る,3.6697478760833797,-22.95659752778646,14.014903359121018,95.00001206679983,3.8526627600830436,60.0,3.427734375,-22.939453125,13.974609375,95.009765625,3.779296875,59.98757420627133
8.2,戻る,2.8757540606901846,-22.93259070583902,13.91884940082483,95.00001206679983,3.5986398147134615,60.0,2.724609375,-22.939453125,13.88671875,95.009765625,3.515625,59.98757420627133
8.225,戻る,2.1873253613660224,-22.904042948413235,13.827290854217933,95.00001206679983,3.379148316566124,60.0,2.021484375,-22.8515625,13.798828125,95.009765625,3.33984375,59.98757420627133
8.25,戻る,1.601691935782785,-22.87417582392418,13.743397456379713,95.00001206679983,3.1930953548218617,60.0,1.40625,-22.8515625,13.7109375,95.009765625,3.1640625,59.98757420627133
8.275,戻る,1.1148065936950526,-22.845484220854235,13.66947575052804,95.00001206679983,3.038943324906951,60.0,1.0546875,-22.8515625,13.7109375,95.009765625,2.98828125,59.98757420627133
8.3,戻る,0.7213482033837176,-22.819769084738144,13.606992017796104,95.00001206679983,2.914755266346605,60.0,0.615234375,-22.763671875,13.623046875,95.009765625,2.900390625,59.98757420627133
8.325,戻る,0.41470591560582787,-22.79818481477433,13.556612225257318,95.00001206679983,2.818220956323419,60.0,0.3515625,-22.763671875,13.53515625,95.009765625,2.8125,59.98757420627133
8.35,戻る,0.18694460910897961,-22.78129937518225,13.518256895162082,95.00001206679983,2.7466641563867777,60.0,0.17578125,-22.763671875,13.53515625,95.009765625,2.724609375,59.98757420627133
8.375,戻る,0.028753513357112973,-22.769164707108764,13.491168194525065,95.00001206679983,2.6970329704355778,60.0,-0.0,-22.763671875,13.53515625,95.009765625,2.724609375,59.98757420627133
8.4,戻る,-0.07061880607924147,-22.76139426895552,13.473985658177805,95.00001206679983,2.6658765088413223,60.0,-0.087890625,-22.763671875,13.447265625,95.009765625,2.63671875,59.98757420627133
8.425,戻る,-0.12343903120399827,-22.757243419500885,13.464825725664332,95.00001206679983,2.6493119411764563,60.0,-0.17578125,-22.763671875,13.447265625,95.009765625,2.63671875,59.98757420627133
8.45,戻る,-0.14356864861635515,-22.755686843497482,13.461358647542266,95.00001206679983,2.642986550195196,60.0,-0.17578125,-22.763671875,13.447265625,95.009765625,2.63671875,59.98757420627133
8.475,戻る,-0.14654368804119855,-22.75548529097698,13.460874286046083,95.00001206679983,2.642039596672423,60.0,-0.17578125,-22.763671875,13.447265625,95.009765625,2.63671875,59.98757420627133
